<?xml version="1.0" encoding="UTF-8"?>
<beans xmlns="http://www.springframework.org/schema/beans"
       xmlns:xsi="http://www.w3.org/2001/XMLSchema-instance"
       xmlns:context="http://www.springframework.org/schema/context"
       xsi:schemaLocation="http://www.springframework.org/schema/beans http://www.springframework.org/schema/beans/spring-beans.xsd
            http://www.springframework.org/schema/context http://www.springframework.org/schema/context/spring-context.xsd">

    <!--1.加载jdbc.properties文件，但是需要context命名空间-->
    <context:property-placeholder location="classpath:jdbc.properties"/>

    <!--2.配置数据源对象-->
    <bean id="dataSource" class="com.mchange.v2.c3p0.ComboPooledDataSource">
        <property name="driverClass" value="${jdbc.driver}"/>
        <property name="jdbcUrl" value="${jdbc.url}"/>
        <property name="user" value="${jdbc.username}"/>
        <property name="password" value="${jdbc.password}"/>
    </bean>

    <!--3.配饰JdbcTemplate-->
    <bean id="jdbcTemplate" class="org.springframework.jdbc.core.JdbcTemplate">
        <property name="dataSource" ref="dataSource"/>
    </bean>

    <!--配置RoleDao-->
    <bean id="roleDao" class="com.lxl.dao.impl.RoleDaoImpl">
        <property name="jdbcTemplate" ref="jdbcTemplate"/>
    </bean>

    <!--配置RoleService-->
    <bean id="roleService" class="com.lxl.service.impl.RoleServiceImpl">
        <property name="roleDao" ref="roleDao"/>
    </bean>

    <!--配置UserDao-->
    <bean id="userDao" class="com.lxl.dao.impl.UserDaoImpl">
        <property name="jdbcTemplate" ref="jdbcTemplate"/>
    </bean>

    <!--配置UserService-->
    <bean id="userService" class="com.lxl.service.impl.UserServiceImpl">
        <property name="userDao" ref="userDao"/>
        <property name="roleDao" ref="roleDao"/>
    </bean>

</beans>