<?xml version="1.0" encoding="UTF-8"?>
<beans xmlns="http://www.springframework.org/schema/beans"
       xmlns:xsi="http://www.w3.org/2001/XMLSchema-instance"
       xmlns:mvc="http://www.springframework.org/schema/mvc"
       xmlns:context="http://www.springframework.org/schema/context"
       xsi:schemaLocation="http://www.springframework.org/schema/beans http://www.springframework.org/schema/beans/spring-beans.xsd
       http://www.springframework.org/schema/mvc http://www.springframework.org/schema/mvc/spring-mvc.xsd
       http://www.springframework.org/schema/context https://www.springframework.org/schema/context/spring-context.xsd">

    <!--1.mvc的注解驱动-->
    <!--有了这个后，默认底层会集成jackson进行对象会集合的json格式字符串的转换-->
    <mvc:annotation-driven/>

    <!--2.配置内部资源视图解析器-->
    <!--进行页面跳转时，会把xxx自动加上前后缀，变成：/pages/xxx.jsp-->
    <bean class="org.springframework.web.servlet.view.InternalResourceViewResolver">
        <property name="prefix" value="/pages/"/>
        <property name="suffix" value=".jsp"/>
    </bean>



    <!--4.配置SpringMVC的组件扫描（Spring和SpringMVC是单独配置的）-->
    <context:component-scan base-package="com.lxl.controller"/>

    <!--配置权限拦截器-->
    <mvc:interceptors>
        <mvc:interceptor>
            <!--配置对哪些资源执行拦截操作-->
            <mvc:mapping path="/**"/>
            <!--配置对哪些资源排除拦截操作-->
            <mvc:exclude-mapping path="/user/login"/>
            <bean class="com.lxl.interceptor.PrivilegeInterceptor"/>
        </mvc:interceptor>
    </mvc:interceptors>

    <!--3.静态资源访问权限开启-->
    <!--当DispatcherServlet找不到对应的@RequestMapping地址后，会交给默认的servlet来找静态资源-->
    <mvc:default-servlet-handler/>

</beans>